Médio , Objetos , Abajur ,6, Lâmpada , Lanterna , Holofote
Difícil , Objetos , acendedor ,9, chama , faísca , ignição
Muito difícil , Objetos , Actinômetro ,10, Sensor , Fotômetro , Medidor
Difícil , Objetos , Aerofólio ,9, Asa , Aileron , Defletor
Muito difícil , Objetos , Aerógrafo ,9, Compressor , Bico , Pistola
Difícil , Objetos , Aerômetro ,8, Sensor , Anemômetro , Barômetro
Difícil , Objetos , Agogô ,5, Sino , Triângulo , Tambor
Difícil , Objetos , Aguçada ,7, Lâmina , Faca , Navalha
Fácil , Objetos , Agulha ,6, Alfinete , Sonda , Pino
Muito difícil , Objetos , Alabarda ,8, Lança , Machado , Espada
Muito difícil , Objetos , Alambique ,9, Destilador , Tonel , Barril
Médio , Objetos , Alavanca ,8, Manivela , Haste , Barra
Muito difícil , Objetos , Albedômetro ,10, Sensor , Fotômetro , Medidor
Muito difícil , Objetos , Alcímetro ,8, Medidor , Sensor , Régua
Difícil , Objetos , Alcova ,6, Nicho , Recesso , Abrigo
Difícil , Objetos , Alfinete ,8, Grampo , Presilha , Pregador
Médio , Objetos , Alforge ,7, Bolsa , Saco , Mochila
Difícil , Objetos , alforje ,7, saco , bolsa , mala
Médio , Objetos , Alicate ,7, Chave , Martelo , Torquês
Muito difícil , Objetos , Alicerce ,8, Fundação , Base , Suporte
Médio , Objetos , Almofada ,8, Travesseiro , Colchão , Manta
Médio , Objetos , almofariz ,9, pilão , pedra , esmagador
Muito difícil , Objetos , Alquitara ,8, Destilador , Recipiente , Cuba
Muito difícil , Objetos , Ambigrama ,9, Figura , Símbolo , Desenho
Difícil , Objetos , Amostrador ,10, Coletor , Sonda , Detector
Difícil , Objetos , amperímetro ,11, corrente , elétrica , medidor
Difícil , Objetos , Ampola ,6, Frasco , Vidro , Tubo
Muito difícil , Objetos , Ampulheta ,9, Relógio , Cronômetro , Temporizador
Médio , Objetos , amuleto ,7, talismã , pedra , símbolo
Muito difícil , Objetos , Analisador ,10, Detector , Sensor , Medidor
Difícil , Objetos , anastigmático ,13, lente , foco , óptica
Muito difícil , Objetos , Anciloscópio ,12, Osciloscópio , Medidor , Sensor
Médio , Objetos , Anel ,4, Pulseira , Colar , Cordão
Muito difícil , Objetos , Anemômetro ,10, Ventoinha , Hélice , Catavento
Muito difícil , Objetos , Antena ,6, Receptor , Sinal , Torre
Médio , Objetos , Anzol ,5, Gancho , Haste , Ponta
Fácil , Objetos , Apito ,5, Sirene , Sinal , Campainha
Difícil , Objetos , Aplanador ,10, Prensa , Lixadeira , Plainadeira
Médio , Objetos , Aquecedor ,9, Fogareiro , Forno , Chaleira
Fácil , Objetos , areia ,5, grão , pó , terra
Fácil , Objetos , Armadura ,8, Escudo , Elmo , Peitoral
Fácil , Objetos , Aro ,3, Roda , Anel , Arco
Difícil , Objetos , Arpão ,5, Lança , Gancho , Flecha
Muito difícil , Objetos , Arpéu ,5, Gancho , Haste , Garra
Médio , Objetos , Aspirador ,9, Vassoura , Panela , Esfregão
Difícil , Objetos , Astrolábio ,10, Bússola , Sextante , Ruma
Muito difícil , Objetos , Autoclave ,9, Estufa , Esterilizador , Câmara
Fácil , Objetos , Bacia ,5, Tigela , Balde , Recipiente
Difícil , Objetos , bafômetro ,9, medidor , álcool , sensor
Muito difícil , Objetos , Baioneta ,8, Lâmina , Faca , Espada
Fácil , Objetos , Balança ,7, Régua , Medidor , Termômetro
Difícil , Objetos , Balancim ,8, Guincho , Pórtico , Polia
Fácil , Objetos , Balão ,5, Bola , Bexiga , Enfeite
Fácil , Objetos , Balde ,5, Bacia , Caixa , Recipiente
Fácil , Objetos , Banco ,5, Cadeira , Banquinho , Sofá
Fácil , Objetos , Bandeira ,8, Flâmula , Sinal , Estandarte
Médio , Objetos , Bandeirinha ,11, Flâmula , Estandarte , Sinal
Médio , Objetos , Bandeirola ,10, Bandeira , Placa , Cartaz
Médio , Objetos , Bandeja ,7, Travessa , Prato , Tabuleiro
Fácil , Objetos , Banheira ,8, Pia , Chuveiro , Duchas
Médio , Objetos , banquetas ,9, banco , cadeira , assento
Muito difícil , Objetos , Barômetro ,9, Higrômetro , Termômetro , Manômetro
Muito difícil , Objetos , Baroscópio ,9, Barômetro , Sensor , Medidor
Difícil , Objetos , Barquilha ,8, Concha , Colher , Espátula
Difícil , Objetos , Barquinha ,9, Canoa , Barco , Lancha
Médio , Objetos , Barreira ,8, Muro , Cerca , Portão
Médio , Objetos , barrete ,7, gorro , chapéu , touca
Médio , Objetos , Barril ,6, Tambo , Pote , Recipiente
Difícil , Objetos , Bastão ,6, Vara , Cetro , Lança
Fácil , Objetos , baú ,3, caixa , cofre , maleta
Difícil , Objetos , Belfre ,6, Torre , Sino , Estrutura
Fácil , Objetos , Bengala ,7, Suporte , Bastão , Vara
Fácil , Objetos , Bíblia ,6, Livro , Revista , Álbum
Difícil , Objetos , Binóculo ,8, Monóculo , Luneta , Óculos
Médio , Objetos , Bisnaga ,7, Tubo , Ampola , Recipiente
Fácil , Objetos , blecaute ,8, pano , cortina , tecido
Médio , Objetos , Bobina ,6, Fio , Carretel , Rolo
Médio , Objetos , boia ,4, flutuação , água , círculo
Médio , Objetos , boina ,5, chapéu , gorro , tecido
Fácil , Objetos , Bolsa ,5, Mochila , Carteira , Mala
Fácil , Objetos , Boné ,4, Chapéu , Touca , Viseira
Médio , Objetos , borla ,5, detalhe , tecido , enfeite
Médio , Objetos , Borracha ,8, Apagador , Esponja , Pano
Médio , Objetos , Borrifador ,10, Pulverizador , Atomizador , Nebulizador
Fácil , Objetos , Botão ,5, Zíper , Trava , Fecho
Difícil , Objetos , Botija ,6, Vaso , Recipiente , Garrafa
Médio , Objetos , Braseiro ,8, Forno , Churrasqueira , Chapa
Médio , Objetos , bridão ,6, sela , arreio , cavalo
Fácil , Objetos , brinco ,6, joia , argola , metal
Médio , Objetos , Broca ,5, Ponteiro , Lâmina , Serrote
Médio , Objetos , Broche ,6, Presilha , Grampo , Botão
Fácil , Objetos , broxa ,5, pincel , tinta , cerdas
Médio , Objetos , Bucha ,5, Esponja , Pano , Trapo
Difícil , Objetos , Bujão ,5, Botijão , Cilindro , Tanque
Difícil , Objetos , Bulbo ,5, Ampola , Lâmpada , Vidro
Fácil , Objetos , Bule ,4, Chaleira , Garrafa , Caneco
Muito difícil , Objetos , Bureta ,6, Pipeta , Probeta , Béquer
Médio , Objetos , Bússola ,7, Mapa , GPS , Rota
Fácil , Objetos , Cabine ,6, Quarto , Sala , Box
Fácil , Objetos , cabo ,4, fio , corda , alça
Médio , Objetos , Cabresto ,8, Corda , Rédea , Freio
Médio , Objetos , Cadarço ,7, Fita , Cordão , Linha
Fácil , Objetos , Cadeira ,7, Banco , Banqueta , Poltrona
Fácil , Objetos , Caderno ,7, Livro , Agenda , Bloco
Fácil , Objetos , Caixa ,5, Baú , Estojo , Contêiner
Médio , Objetos , caixilho ,8, moldura , vidro , janela
Fácil , Objetos , Caixote ,7, Caixa , Cofre , Baú
Médio , Objetos , Caldeira ,8, Forno , Tacho , Tanque
Difícil , Objetos , caldeirão ,9, panela , ferro , pote
Muito difícil , Objetos , Caleidoscópio ,13, Prisma , Lente , Refletor
Muito difícil , Objetos , Calibrador ,10, Medidor , Regulador , Ajustador
Médio , Objetos , cálice ,6, taça , copo , vidro
Difícil , Objetos , calígrafo ,9, pena , tinta , escrita
Médio , Objetos , campana ,7, sino , bronze , toque
Difícil , Objetos , Candelabro ,10, Castiçal , Suporte , Luminária
Fácil , Objetos , caneta ,6, lápis , marcador , pincel
Difícil , Objetos , Canga ,5, Haste , Suporte , Arco
Médio , Objetos , canivete ,8, lâmina , faca , bolso
Médio , Objetos , Cantil ,6, Garrafa , Frasco , Recipiente
Médio , Objetos , cantoneira ,10, metal , suporte , ângulo
Fácil , Objetos , Capa ,4, Manto , Tecido , Forro
Médio , Objetos , Capacete ,8, Máscara , Boné , Touca
Médio , Objetos , capacho ,7, tapete , entrada , tecido
Médio , Objetos , Capacitor ,9, Bateria , Resistor , Bobina
Médio , Objetos , capuz ,5, tecido , roupa , cobertura
Muito difícil , Objetos , Carrilhão ,9, Sino , Campana , Badalo
Médio , Objetos , Carrinho ,8, Carroça , Vagão , Trolley
Difícil , Objetos , Carrossel ,9, Engrenagem , Roda , Estrutura
Médio , Objetos , Cartucho ,8, Refil , Carga , Toner
Médio , Objetos , Cassetete ,9, Tacape , Bastão , Porrete
Muito difícil , Objetos , Catadióptrico ,13, Espelho , Lente , Prisma
Difícil , Objetos , catafísico ,10, energia , onda , estudo
Difícil , Objetos , Catalisador ,11, Reagente , Absorvente , Acelerador
Muito difícil , Objetos , Catavento ,8, Hélice , Ventoinha , Moinho
Muito difícil , Objetos , Catetômetro ,10, Régua , Transferidor , Goniômetro
Médio , Objetos , Catraca ,7, Torniquete , Portão , Tranca
Difícil , Objetos , Cavaco ,6, Violão , Cavaquinho , Banjo
Médio , Objetos , Cavalete ,8, Suporte , Pedestal , Tripé
Médio , Objetos , cédula ,6, papel , dinheiro , nota
Difícil , Objetos , Centrífuga ,10, Separadora , Extratora , Homogeneizadora
Fácil , Objetos , Chaleira ,8, Panela , Cafeteira , Bule
Médio , Objetos , Chapéu ,6, Boné , Touca , Capacete
Médio , Objetos , Chassi ,6, Estrutura , Base , Suporte
Fácil , Objetos , Chave ,5, Cadeado , Fechadura , Tranca
Médio , Objetos , Chaveiro ,8, Pingente , Broche , Medalha
Médio , Objetos , Chaveta ,7, Pino , Engate , Catraca
Fácil , Objetos , Chinelo ,7, Sapato , Tênis , Sandália
Fácil , Objetos , Chupeta ,7, Mamadeira , Bico , Mordedor
Difícil , Objetos , Cianômetro ,9, Colorímetro , Espectro , Medidor
Médio , Objetos , Cilindro ,8, Tubo , Rolo , Tanque
Muito difícil , Objetos , Cilindrómetro ,12, Medidor , Ferramenta , Escala
Difícil , Objetos , Cinetoscópio ,12, Projetor , Filmadora , Câmara
Fácil , Objetos , Cinto ,5, Fivela , Suspensório , Alça
Muito difícil , Objetos , Clarinete ,9, Flauta , Oboé , Saxofone
Difícil , Objetos , Coador ,6, Filtro , Tela , Malha
Fácil , Objetos , Cobertor ,8, Manta , Edredom , Colcha
Médio , Objetos , Cofre ,5, Caixa , Gaveta , Armário
Fácil , Objetos , Colchão ,7, Coberta , Almofada , Travesseiro
Médio , Objetos , Colher ,6, Garfo , Espátula , Concha
Difícil , Objetos , Colombina ,9, Máscara , Fantasia , Adereço
Muito difícil , Objetos , Colorímetro ,11, Espectrômetro , Fotômetro , Analisador
Médio , Objetos , Compasso ,8, Régua , Trena , Esquadro
Médio , Objetos , Compoteira ,10, Vaso , Taça , Recipiente
Fácil , Objetos , Concha ,6, Colher , Espátula , Pegador
Difícil , Objetos , Condensador ,11, Radiador , Compressor , Evaporador
Médio , Objetos , Conduíte ,8, Tubo , Cano , Duto
Médio , Objetos , Contador ,8, Relógio , Marcador , Medidor
Médio , Objetos , Conversor ,9, Adaptador , Modem , Receptor
Fácil , Objetos , Copo ,4, Taça , Caneca , Vidro
Difícil , Objetos , Copo-medidor,12, Béquer , Probeta , Bureta
Fácil , Objetos , Corda ,5, Fio , Cabo , Laço
Fácil , Objetos , Cordão ,6, Fita , Barbante , Laço
Fácil , Objetos , Cordinha ,8, Fita , Linha , Barbante
Muito difícil , Objetos , Coroação ,8, Ornamento , Insígnia , Emblema
Difícil , Objetos , Corômetro ,8, Relógio , Temporizador , Cronômetro
Médio , Objetos , Correia ,7, Cinta , Corda , Fivela
Muito difícil , Objetos , Coruchéu ,8, Ponta , Torre , Ornamento
Difícil , Objetos , Cossinete ,9, Tarraxa , Lima , Ferramenta
Médio , Objetos , couto ,5, lâmina , faca , cutelo
Muito difícil , Objetos , Criodesidratador ,15, Secador , Estufa , Evaporador
Muito difícil , Objetos , Criodinâmica ,12, Congelador , Câmara , Incubadora
Muito difícil , Objetos , Criomicroscópio ,15, Microscópio , Lente , Sensor
Muito difícil , Objetos , Criosonda ,8, Detector , Sensor , Lâmina
Muito difícil , Objetos , Criostato ,9, Refrigerador , Congelador , Incubadora
Difícil , Objetos , criptoscópio ,12, luz , lente , oculto
Difícil , Objetos , Cristaleira ,10, Armário , Estante , Vitrine
Difícil , Objetos , cromatóforo ,11, cor , pigmento , célula
Muito difícil , Objetos , Cronógrafo ,10, Relógio , Temporizador , Timer
Muito difícil , Objetos , Cronômetro ,10, Timer , Relógio , Contador
Difícil , Objetos , Cronoscópio ,11, Cronômetro , Timer , Registrador
Muito difícil , Objetos , Cronotacógrafo ,14, Registrador , Sensor , Medidor
Muito difícil , Objetos , Cronotermostato ,15, Regulador , Sensor , Temporizador
Médio , Objetos , cunha ,5, madeira , peça , encaixe
Difícil , Objetos , Cupinzeiro ,10, Montículo , Estrutura , Ninho
Difícil , Objetos , Decoçadora ,10, Processadora , Moenda , Extratora
Muito difícil , Objetos , Deliquescência ,13, Umidade , Reação , Solubilidade
Médio , Objetos , Densímetro ,10, Medidor , Barra , Régua
Difícil , Objetos , Desengripante ,13, Lubrificante , Graxa , Solvente
Médio , Objetos , Desfibrador ,11, Aparelho , Sensor , Monitor
Muito difícil , Objetos , Desidratador ,12, Forno , Estufa , Secador
Médio , Objetos , Desodorante ,11, Perfume , Sabonete , Hidratante
Muito difícil , Objetos , Destilador ,10, Filtro , Purificador , Evaporador
Muito difícil , Objetos , Desumidificador ,14, Ventoinha , Extrator , Filtro
Médio , Objetos , Dialeto ,7, Documento , Texto , Manuscrito
Médio , Objetos , Diamante ,8, Cristal , Pedra , Rubi
Médio , Objetos , Diapasão ,8, Tono , Som , Vibrador
Médio , Objetos , Difusor ,7, Ventoinha , Bocais , Saída
Médio , Objetos , dínamo ,6, energia , motor , carga
Difícil , Objetos , dínamometro ,11, força , medição , aparelho
Fácil , Objetos , Disco ,5, Roda , CD , Prato
Médio , Objetos , Disjuntor ,9, Chave , Interruptor , Fusível
Médio , Objetos , Dobradiça ,9, Pino , Trava , Encaixe
Médio , Objetos , Dosímetro ,9, Medidor , Sensor , Detector
Difícil , Objetos , Dourado ,7, Metal , Bronze , Latão
Difícil , Objetos , duplicador ,10, máquina , cópia , prensa
Muito difícil , Objetos , Ebulidor ,8, Aquecedor , Panela , Fervedor
Muito difícil , Objetos , Eclímetro ,9, Régua , Gabarito , Escala
Muito difícil , Objetos , Eletroímã ,10, Bobina , Solenóide , Condutor
Médio , Objetos , embornal ,8, saco , bolsa , alforje
Difícil , Objetos , endoscópio ,10, tubo , lente , exame
Difícil , Objetos , Engastador ,10, Grampeador , Prensador , Fixador
Médio , Objetos , Engate ,6, Gancho , Trava , Acoplador
Médio , Objetos , Engrenagem ,10, Polia , Roldana , Mecanismo
Médio , Objetos , entalhe ,7, escultura , detalhe , corte
Médio , Objetos , Enxada ,6, Pá , Foice , Rastelo
Difícil , Objetos , Enxó ,4, Formão , Talhadeira , Machado
Difícil , Objetos , Enxofrador ,10, Pulverizador , Atomizador , Vaporizador
Muito difícil , Objetos , Epinétrio ,9, Vaso , Urna , Recipiente
Fácil , Objetos , Escada ,6, Degrau , Rampa , Plataforma
Difícil , Objetos , Escafandro ,10, Cilindro , Máscara , Traje
Difícil , Objetos , Escareador ,10, Broca , Cinzel , Lixador
Difícil , Objetos , Escariador ,10, Lima , Broca , Ponteiro
Médio , Objetos , escudo ,6, proteção , tampa , barreira
Médio , Objetos , Escultura ,9, Estátua , Arte , Figura
Médio , Objetos , escumadeira ,11, cozinha , colher , metal
Muito difícil , Objetos , Esferoscópio ,13, Lente , Prisma , Monóculo
Muito difícil , Objetos , Esfigmomanômetro ,15, Medidor , Estetoscópio , Sensor
Muito difícil , Objetos , Esfigmômetro ,12, Medidor , Sensor , Barômetro
Muito difícil , Objetos , Esfíngio ,8, Escultura , Figura , Estátua
Difícil , Objetos , Esmeril ,7, Politriz , Retífica , Lixadeira
Médio , Objetos , espartilho ,10, roupa , cinta , vestimenta
Médio , Objetos , Espátula ,8, Colher , Faca , Pincel
Difícil , Objetos , espectômetro ,11, luz , análise , instrumento
Muito difícil , Objetos , Espectrofotômetro ,17, Analisador , Fotômetro , Colorímetro
Muito difícil , Objetos , Espectrógrafo ,12, Prisma , Sensor , Fotômetro
Muito difícil , Objetos , Espectrômetro ,13, Medidor , Detector , Analisador
Difícil , Objetos , espectrovisor ,13, luz , imagem , instrumento
Fácil , Objetos , Espelho ,7, Vidro , Lente , Janela
Médio , Objetos , espeto ,6, ferro , vara , grelha
Difícil , Objetos , Espinhela ,8, Viga , Trave , Haste
Fácil , Objetos , Esponja ,7, Pano , Bucha , Tecido
Muito difícil , Objetos , Esquadro ,7, Régua , Triângulo , Compasso
Médio , Objetos , estaca ,6, poste , pilar , viga
Difícil , Objetos , estandarte ,10, bandeira , símbolo , flâmula
Médio , Objetos , Estatueta ,9, Escultura , Figura , Ícone
Fácil , Objetos , Esteira ,7, Tapete , Manta , Passadeira
Médio , Objetos , Estêncil ,7, Molde , Forma , Gabarito
Muito difícil , Objetos , Estereoscópio ,13, Lupa , Binóculo , Microscópio
Médio , Objetos , Estetoscópio ,13, Termômetro , Medidor , Sensor
Muito difícil , Objetos , Esticador ,9, Catraca , Cinta , Gancho
Médio , Objetos , Estilete ,8, Navalha , Faca , Tesoura
Difícil , Objetos , estileteiro ,11, suporte , lâmina , caixa
Difícil , Objetos , Estilógrafo ,11, Caneta , Marcador , Lapiseira
Difícil , Objetos , Estirador ,9, Prancheta , Mesa , Cavalete
Médio , Objetos , Estojo ,6, Caixa , Case , Kit
Difícil , Objetos , Estopim ,6, Fósforo , Isqueiro , Pavio
Difícil , Objetos , Estribo ,7, Suporte , Alça , Correia
Muito difícil , Objetos , Estroboscópio ,13, Lâmpada , Flash , Sinalizador
Difícil , Objetos , Evaporímetro ,11, Sensor , Medidor , Indicador
Médio , Objetos , Extintor ,8, Mangueira , Hidrante , Alarme
Fácil , Objetos , faca ,4, lâmina , cutelo , punho
Difícil , Objetos , Fagote ,6, Clarinete , Oboé , Trompa
Fácil , Objetos , Fantoche ,8, Boneco , Marionete , Máscara
Médio , Objetos , farolete ,8, luz , lâmpada , lanterna
Médio , Objetos , Fechadura ,9, Cadeado , Tranca , Dobradiça
Médio , Objetos , Feixe ,5, Haste , Barra , Viga
Médio , Objetos , Ferrolho ,8, Trava , Cadeado , Fecho
Médio , Objetos , filete ,6, tira , linha , corte
Médio , Objetos , Filtro ,6, Tela , Malha , Grade
Fácil , Objetos , fita ,4, laço , tecido , faixa
Difícil , Objetos , fitoscópio ,10, planta , lente , exame
Fácil , Objetos , Fivela ,6, Cinto , Alça , Prendedor
Difícil , Objetos , Flâmula ,7, Bandeira , Estandarte , Insígnia
Médio , Objetos , Flanela ,7, Toalha , Pano , Tecido
Difícil , Objetos , Flauta ,6, Oboé , Clarim , Fagote
Fácil , Objetos , flecha ,6, seta , dardo , lança
Muito difícil , Objetos , Fluorímetro ,10, Fotômetro , Detetor , Sensor
Fácil , Objetos , Fogão ,5, Forno , Chapa , Cooktop
Difícil , Objetos , Foice ,5, Faca , Serrote , Machado
Médio , Objetos , fole ,4, ar , sopro , couro
Fácil , Objetos , Folha ,5, Papel , Cartolina , Placa
Médio , Objetos , folhagem ,8, ramo , galho , planta
Fácil , Objetos , Fone ,4, Headset , Microfone , Caixa
Fácil , Objetos , Forno ,5, Fogão , Micro-ondas, Chaleira
Fácil , Objetos , Forquilha ,9, Garfo , Garras , Haste
Médio , Objetos , fósforo ,7, vela , isqueiro , chama
Muito difícil , Objetos , Fotodiodo ,9, Sensor , Detector , Transdutor
Difícil , Objetos , fotoelasticímetro ,16, luz , tensão , análise
Muito difícil , Objetos , Fotômetro ,8, Colorímetro , Luxímetro , Medidor
Muito difícil , Objetos , Fotopolimerizador ,16, Catalisador , Endurecedor , Selador
Médio , Objetos , Frasco ,6, Vidro , Recipiente , Tubo
Fácil , Objetos , Frigideira ,10, Panela , Chapa , Caçarola
Médio , Objetos , friso ,5, detalhe , relevo , ornamento
Médio , Objetos , fronha ,6, capa , tecido , travesseiro
Médio , Objetos , Funil ,5, Coador , Filtro , Peneira
Médio , Objetos , fusível ,7, energia , proteção , circuito
Médio , Objetos , Gabarito ,8, Molde , Escala , Régua
Médio , Objetos , Galão ,5, Recipiente , Garrafa , Botijão
Fácil , Objetos , galho ,5, ramo , madeira , vara
Difícil , Objetos , Galvanômetro ,12, Voltímetro , Amperímetro , Osciloscópio
Difícil , Objetos , Gamelão ,7, Tigela , Recipiente , Prato
Médio , Objetos , Gancho ,6, Suporte , Argola , Haste
Difícil , Objetos , Garateia ,8, Âncora , Gancho , Haste
Fácil , Objetos , Garfo ,5, Colher , Faca , Espátula
Fácil , Objetos , Garrafa ,7, Vidro , Copo , Cantil
Médio , Objetos , Gaveta ,6, Armário , Porta , Compartimento
Médio , Objetos , Gaveteiro ,9, Armário , Caixa , Estante
Muito difícil , Objetos , Geodímetro ,10, Teodolito , Nível , Laser
Médio , Objetos , Gerador ,7, Motor , Bateria , Turbina
Médio , Objetos , Gipso ,5, Massa , Argamassa , Concreto
Difícil , Objetos , Girândola ,9, Roda , Engrenagem , Rodete
Muito difícil , Objetos , Girômetro ,9, Sensor , Roda , Rotor
Muito difícil , Objetos , Giroscópio ,10, Bússola , Sensor , Acelerômetro
Difícil , Objetos , gisômetro ,9, medidor , escala , instrumento
Difícil , Objetos , glicosímetro ,12, açúcar , sangue , medidor
Difícil , Objetos , Glifo ,5, Símbolo , Letra , Ícone
Fácil , Objetos , Globo ,5, Mapa , Esfera , Terra
Médio , Objetos , Glote ,5, Aparelho , Dispositivo , Peça
Médio , Objetos , Gongo ,5, Sino , Campana , Tambor
Muito difícil , Objetos , Goniómetro ,9, Transferidor , Esquadro , Régua
Muito difícil , Objetos , Goniômetro ,10, Esquadro , Transferidor , Régua
Médio , Objetos , Gotejador ,10, Bico , Válvula , Dispenser
Difícil , Objetos , Gradil ,6, Grade , Cerca , Parede
Médio , Objetos , Grampeador ,10, Furador , Clips , Prendedor
Muito difícil , Objetos , Gravímetro ,9, Sismógrafo , Acelerômetro , Medidor
Médio , Objetos , Graxeira ,8, Funil , Tubo , Depósito
Fácil , Objetos , Grelha ,6, Chapa , Grade , Tela
Fácil , Objetos , Guarda ,6, Estante , Armário , Prateleira
Fácil , Objetos , Guarda-roupas,12, Armário , Closet , Estante
Difícil , Objetos , Gurupés ,7, Haste , Mastro , Trave
Médio , Objetos , Halter ,6, Peso , Kettlebell , Barra
Fácil , Objetos , haste ,5, vara , mastro , poste
Muito difícil , Objetos , Hastímetro ,9, Medidor , Régua , Gabarito
Muito difícil , Objetos , Heliografo ,9, Medidor , Sensor , Relógio
Difícil , Objetos , heliómetro ,10, sol , medidor , óptica
Muito difícil , Objetos , Hemocitômetro ,13, Contador , Sensor , Medidor
Difícil , Objetos , Hidratômetro ,11, Sensor , Medidor , Indicador
Difícil , Objetos , Hidrolisador ,11, Destilador , Caldeira , Reator
Muito difícil , Objetos , Hidrômetro ,9, Medidor , Contador , Sensor
Muito difícil , Objetos , Hidroscópio ,11, Medidor , Sensor , Pluviógrafo
Muito difícil , Objetos , Higrômetro ,9, Sensor , Barômetro , Termômetro
Muito difícil , Objetos , Hiperscopio ,11, Monóculo , Lupa , Microscópio
Muito difícil , Objetos , Hipocampo ,9, Escultura , Figura , Ornamento
Muito difícil , Objetos , Hiposcópio ,10, Lente , Monóculo , Óptico
Difícil , Objetos , Holofote ,8, Lanterna , Spot , Farol
Muito difícil , Objetos , Holografador ,12, Laser , Scanner , Projetor
Muito difícil , Objetos , Homogeneizador ,13, Triturador , Misturador , Processador
Fácil , Objetos , Impressora ,10, Scanner , Plotter , Copiadora
Muito difícil , Objetos , Incensário ,10, Turíbulo , Caixa , Recipiente
Muito difícil , Objetos , Interferômetro ,13, Laser , Medidor , Sensor
Muito difícil , Objetos , Inverossímil (OBJ colocou? Removido — NÃO é objeto)  ,,,,
Difícil , Objetos , isocinético ,11, força , tensão , aparelho
Médio , Objetos , Isolador ,8, Borracha , Vedação , Suporte
Difícil , Objetos , isótopo ,7, átomo , partícula , núcleo
Difícil , Objetos , Isqueiro ,7, Fósforo , Tocha , Maçarico
Fácil , Objetos , Janela ,6, Porta , Vitral , Persiana
Fácil , Objetos , jarra ,5, vaso , bule , copo
Fácil , Objetos , Jarro ,5, Vaso , Garrafa , Taça
Médio , Objetos , Jenipapo ,8, Madeira , Casco , Fibra
Fácil , Objetos , Jornal ,6, Revista , Folheto , Livro
Médio , Objetos , Jumelo ,6, Binóculo , Luneta , Óculos
Fácil , Objetos , laço ,4, corda , fio , nó
Muito difícil , Objetos , Lacônica ,7, Inscrição , Letreiro , Marca
Médio , Objetos , Lacre ,5, Selo , Tampão , Fecho
Médio , Objetos , Ladrilho ,8, Azulejo , Piso , Placa
Médio , Objetos , Lâmina ,6, Faca , Navalha , Serra
Médio , Objetos , laminado ,8, folha , chapa , camada
Médio , Objetos , Lâmpada ,7, Luz , Lanterna , Farol
Médio , Objetos , Lanterna ,8, Farol , Holofote , Lâmpada
Fácil , Objetos , Lápis ,5, Caneta , Giz , Marcador
Médio , Objetos , Lapiseira ,9, Lápis , Caneta , Giz
Difícil , Objetos , Laringoscópio ,13, Endoscópio , Fibroscópio , Otoscópio
Médio , Objetos , Latrina ,7, Vaso , Pia , Torneira
Fácil , Objetos , lenço ,5, pano , tecido , gaze
Médio , Objetos , Lente ,5, Vidro , Cristal , Ótica
Difícil , Objetos , litógrafo ,9, pedra , impressão , arte
Fácil , Objetos , Livro ,5, Revista , Caderno , Álbum
Fácil , Objetos , Lixeira ,7, Cesto , Balde , Contêiner
Médio , Objetos , Lorigal ,7, Malha , Armadura , Tecido
Fácil , Objetos , Lousa ,5, Quadro , Painel , Tela
Difícil , Objetos , Lunário ,7, Almanaque , Calendário , Tábua
Difícil , Objetos , Luneta ,6, Binóculo , Telescópio , Monóculo
Fácil , Objetos , Lupa ,4, Óculos , Lente , Binóculo
Fácil , Objetos , Luva ,4, Mão , Dedal , Protetor
Muito difícil , Objetos , Luxímetro ,9, Fotômetro , Medidor , Sensor
Fácil , Objetos , Macaco ,6, Alicate , Alavanca , Suporte
Médio , Objetos , Maçarico ,8, Isqueiro , Tocha , Fósforo
Muito difícil , Objetos , Magnetocalorímetro ,18, Espectrômetro , Detector , Medidor
Muito difícil , Objetos , Magnetofômetro ,14, Sensor , Indutor , Bobina
Muito difícil , Objetos , Magnetômetro ,13, Sensor , Bobina , Medidor
Difícil , Objetos , magnetoscópio ,14, gravação , fita , leitura
Médio , Objetos , malhete ,7, martelo , batida , madeira
Médio , Objetos , malote ,6, bolsa , saco , pasta
Fácil , Objetos , Mamadeira ,9, Garrafa , Copo , Bico
Difícil , Objetos , Mancal ,6, Rolamento , Bucha , Engaste
Difícil , Objetos , Mandinga ,8, Amuleto , Talismã , Medalha
Médio , Objetos , Mandril ,7, Torno , Pinça , Garra
Médio , Objetos , Manete ,6, Alavanca , Controle , Haste
Muito difícil , Objetos , Mangual ,7, Porrete , Corrente , Maça
Médio , Objetos , Manivela ,8, Alavanca , Haste , Barra
Difícil , Objetos , Manômetro ,9, Barômetro , Medidor , Sensor
Médio , Objetos , manopla ,7, proteção , luva , metal
Fácil , Objetos , Mapa ,4, Bússola , Guia , Carta
Difícil , Objetos , marionete ,9, boneco , fantoche , figura
Médio , Objetos , Martelo ,7, Chave , Alicate , Marreta
Médio , Objetos , mascote ,7, figura , símbolo , boneco
Médio , Objetos , mastro ,6, poste , haste , pilar
Difícil , Objetos , mataborrão ,11, papel , tinta , absorvente
Médio , Objetos , Medalha ,7, Troféu , Símbolo , Emblema
Fácil , Objetos , Mesa ,4, Cadeira , Banco , Escrivaninha
Difícil , Objetos , Metronomo ,9, Relógio , Ritmo , Pêndulo
Difícil , Objetos , Metrônomo ,9, Relógio , Timer , Contador
Difícil , Objetos , microbarômetro ,14, pressão , ar , instrumento
Muito difícil , Objetos , Microdensitômetro ,16, Scanner , Fotômetro , Sensor
Muito difícil , Objetos , Micromanipulador ,16, Pinça , Sonda , Ferramenta
Muito difícil , Objetos , Microtomo ,8, Cortador , Lâmina , Fatiador
Muito difícil , Objetos , Microtomógrafo ,13, Scanner , Sensor , Câmara
Médio , Objetos , mirante ,7, torre , janela , vista
Médio , Objetos , Mochila ,7, Bolsa , Cartucheira , Pasta
Médio , Objetos , Moeda ,5, Cédula , Ficha , Medalha
Médio , Objetos , moega ,5, funil , grão , recipiente
Difícil , Objetos , Moenda ,6, Prensa , Amassador , Triturador
Difícil , Objetos , Moinho ,6, Ventoinha , Hélice , Catavento
Fácil , Objetos , Moldura ,7, Quadro , Tela , Porta-retrato
Fácil , Objetos , Molho ,5, Temperos , Vinagre , Azeite
Médio , Objetos , Molinete ,8, Carretilha , Rolo , Manivela
Difícil , Objetos , Monóculo ,8, Óculos , Lente , Binóculo
Médio , Objetos , Mordente ,8, Garra , Pinça , Suporte
Médio , Objetos , Moringa ,7, Jarro , Garrafa , Vaso
Difícil , Objetos , Morsa ,5, Prensa , Grampo , Torno
Médio , Objetos , Morsete ,7, Presilha , Trava , Grampo
Médio , Objetos , mosquiteiro ,11, tela , rede , proteção
Fácil , Objetos , Mouse ,5, Teclado , Touchpad , Controle
Difícil , Objetos , nadímetro ,9, ângulo , medidor , cálculo
Difícil , Objetos , narcisador ,10, frasco , perfume , borrifador
Médio , Objetos , narguilé ,8, vidro , fumaça , tubo
Difícil , Objetos , Nebulizador ,11, Pulve­rizador , Atomizador , Vaporizador
Muito difícil , Objetos , Neutroniômetro ,15, Sensor , Detector , Medidor
Difícil , Objetos , nicomede ,8, pergaminho , papiro , manuscrito
Médio , Objetos , ninho ,5, palha , madeira , abrigo
Médio , Objetos , novelo ,6, fio , lã , rolo
Fácil , Objetos , Óculos ,6, Lupa , Binóculo , Máscara
Médio , Objetos , odalisco ,8, figura , escultura , arte
Difícil , Objetos , Odógrafo ,8, Registrador , Marcador , Medidor
Muito difícil , Objetos , Odômetro ,8, Velocímetro , Tacômetro , Marcador
Muito difícil , Objetos , Odorizador ,10, Aromatizador , Purificador , Umidificador
Difícil , Objetos , Oratório ,8, Altar , Nicho , Santuário
Difícil , Objetos , Orifício ,8, Abertura , Entrada , Fenda
Muito difícil , Objetos , Oscilador ,8, Modulador , Gerador , Sinalizador
Muito difícil , Objetos , Osciloscópio ,11, Multímetro , Analisador , Medidor
Muito difícil , Objetos , Osmômetro ,9, Sensor , Medidor , Indicador
Difícil , Objetos , otoscópio ,9, lente , luz , exame
Fácil , Objetos , pá ,1, cavar , metal , ferramenta
Médio , Objetos , Painel ,6, Tela , Quadro , Moldura
Muito difícil , Objetos , Palafita ,8, Estrutura , Base , Suporte
Médio , Objetos , Palheta ,7, Plectro , Pua , Ponteira
Fácil , Objetos , Palito ,6, Fósforo , Grampo , Haste
Médio , Objetos , Panela ,6, Caçarola , Tacho , Chaleira
Fácil , Objetos , Pano ,4, Toalha , Tecido , Flanela
Difícil , Objetos , pantim ,6, ornamento , peça , detalhe
Muito difícil , Objetos , Pantógrafo ,10, Régua , Compasso , Transferidor
Médio , Objetos , Pantufa ,7, Chinelo , Sapato , Sandália
Muito difícil , Objetos , Panturrilha ,11, Estribo , Suporte , Alça
Médio , Objetos , Parafuso ,8, Prego , Rebite , Porca
Difícil , Objetos , Parquímetro ,11, Medidor , Relógio , Painel
Difícil , Objetos , Passarela ,9, Ponte , Plataforma , Passagem
Médio , Objetos , Pastilha ,8, Cápsula , Comprimido , Tablete
Difícil , Objetos , Pavio ,5, Fósforo , Estopim , Vela
Médio , Objetos , peanha ,6, base , suporte , coluna
Difícil , Objetos , Pederneira ,10, Isqueiro , Faísca , Chispa
Difícil , Objetos , Pêndulo ,7, Relógio , Mecanismo , Engrenagem
Médio , Objetos , Peneira ,7, Escorredor , Coador , Filtro
Fácil , Objetos , Pente ,5, Escova , Grampo , Presilha
Difícil , Objetos , Penteadeira ,11, Móvel , Mesa , Espelho
Médio , Objetos , Perfume ,7, Essência , Aroma , Colônia
Médio , Objetos , Pergaminho ,10, Manuscrito , Carta , Rolo
Muito difícil , Objetos , Periscópio ,10, Lente , Óculos , Binóculo
Difícil , Objetos , Picador ,7, Moedor , Triturador , Ralador
Muito difícil , Objetos , Piezômetro ,10, Sensor , Medidor , Transdutor
Médio , Objetos , pilastra ,8, coluna , suporte , base
Médio , Objetos , pinça ,5, alicate , ferramenta , tenaz
Fácil , Objetos , Pincel ,6, Rolo , Esponja , Giz
Médio , Objetos , Pipa ,4, Papagaio , Balão , Brinquedo
Muito difícil , Objetos , Pipetador ,9, Pipeta , Bureta , Ampola
Muito difícil , Objetos , Piroêmetro ,10, Termômetro , Termopar , Medidor
Muito difícil , Objetos , Pirofotômetro ,12, Fotômetro , Sensor , Receptor
Muito difícil , Objetos , Pirotécnico ,11, Artefato , Fogo , Explosivo
Médio , Objetos , Pistilo ,7, Pinça , Agulha , Ferramenta
Fácil , Objetos , Pistola ,7, Arco , Flecha , Estilingue
Difícil , Objetos , Plainadeira ,11, Lixadeira , Politriz , Desempenadeira
Difícil , Objetos , planetário ,10, globo , modelo , esfera
Difícil , Objetos , planímetro ,10, medidor , superfície , área
Difícil , Objetos , planisfério ,10, mapa , globo , chart
Muito difícil , Objetos , Plectro ,7, Palheta , Pua , Ponteira
Médio , Objetos , Plinto ,6, Base , Suporte , Peanha
Difícil , Objetos , Plúvio ,6, Medidor , Régua , Sensor
Difícil , Objetos , Pluviógrafo ,11, Medidor , Sensor , Higrômetro
Difícil , Objetos , Pluviômetro ,11, Termômetro , Barômetro , Higrômetro
Médio , Objetos , polaina ,7, roupa , tecido , proteção
Muito difícil , Objetos , Polarímetro ,10, Fotômetro , Sensor , Medidor
Difícil , Objetos , Polígrafo ,9, Sensor , Gravador , Registrador
Difícil , Objetos , Polimento ,8, Lixa , Esmeril , Rebolo
Muito difícil , Objetos , Polimerizador ,13, Endurecedor , Catalisador , Selante
Difícil , Objetos , Politriz ,8, Lixadeira , Retífica , Esmeril
Muito difícil , Objetos , Politropo ,9, Difusor , Venturi , Modulador
Médio , Objetos , Poltrona ,8, Sofá , Banco , Cadeira
Médio , Objetos , porrete ,7, bastão , vara , clava
Fácil , Objetos , Porta ,5, Janela , Portão , Batente
Fácil , Objetos , Porta-retratro,12, Moldura , Quadro , Tela
Médio , Objetos , Portátil ,8, Notebook , Tablet , Console
Difícil , Objetos , Pórtico ,7, Arco , Estrutura , Moldura
Fácil , Objetos , poste ,5, coluna , haste , suporte
Fácil , Objetos , pote ,4, frasco , jarra , recipiente
Médio , Objetos , Prancha ,7, Tábua , Quadro , Painel
Médio , Objetos , Prancheta ,9, Pasta , Quadro , Suporte
Fácil , Objetos , Prato ,5, Tigela , Travessa , Bandeja
Difícil , Objetos , Pregador ,8, Prendedor , Gancho , Braçadeira
Fácil , Objetos , Prego ,5, Parafuso , Grampo , Pino
Difícil , Objetos , Prendedor ,9, Grampo , Presilha , Clipe
Difícil , Objetos , Prensa ,6, Compactador , Amassadeira , Aplanador
Médio , Objetos , Prisma ,6, Vidro , Cristal , Lente
Difícil , Objetos , Prumo ,5, Nível , Régua , Medidor
Médio , Objetos , Pua ,3, Broca , Ponta , Agulha
Médio , Objetos , Pulverizador ,12, Spray , Atomizador , Vaporizador
Médio , Objetos , punção ,6, metal , marca , ferramenta
Médio , Objetos , Puxador ,7, Maçaneta , Trinco , Fecho
Médio , Objetos , Quadro ,6, Moldura , Tela , Fotografia
Fácil , Objetos , Quimono ,7, Roupa , Túnica , Traje
Fácil , Objetos , quina ,4, canto , beira , borda
Muito difícil , Objetos , Quirógrafo ,10, Documento , Registro , Papel
Médio , Objetos , Rabicho ,7, Cabo , Fio , Extensão
Médio , Objetos , Radiador ,8, Ventoinha , Trocador , Compressor
Fácil , Objetos , Rádio ,5, Caixa , Televisor , Som
Difícil , Objetos , radiofarol ,10, sinal , antena , navegação
Muito difícil , Objetos , Radiômetro ,9, Gravímetro , Medidor , Detector
Muito difícil , Objetos , Radiotelemetro ,13, Medidor , Radar , Sensor
Difícil , Objetos , Radiotransmissor ,15, Rádio , Antena , Receptor
Difícil , Objetos , Ralador ,7, Triturador , Picador , Moedor
Difícil , Objetos , Raspador ,8, Lâmina , Espátula , Rodo
Médio , Objetos , Reator ,6, Motor , Gerador , Turbina
Médio , Objetos , Rebite ,6, Parafuso , Pino , Porca
Médio , Objetos , Rebolo ,6, Lixador , Politriz , Esmeril
Fácil , Objetos , Recipiente ,10, Pote , Jarro , Frasco
Médio , Objetos , Redoma ,6, Vidro , Campânula , Tampa
Médio , Objetos , Refil ,5, Cartucho , Carga , Componente
Difícil , Objetos , refratímetro ,12, luz , prisma , medição
Muito difícil , Objetos , Refratometria ,13, Densímetro , Analisador , Espectrômetro
Muito difícil , Objetos , Refratômetro ,13, Densímetro , Polarímetro , Medidor
Fácil , Objetos , Regador ,7, Mangueira , Baldinho , Pulverizador
Médio , Objetos , Régua ,5, Trena , Compasso , Esquadro
Difícil , Objetos , Relê ,4, Chave , Fusível , Contator
Fácil , Objetos , Relógio ,7, Timer , Despertador , Cronômetro
Fácil , Objetos , Repelente ,9, Creme , Spray , Pomada
Difícil , Objetos , Repuxo ,6, Fonte , Jato , Bica
Médio , Objetos , Reservatório ,12, Caixa , Tanque , Depósito
Difícil , Objetos , Resistor ,8, Capacitor , Diodo , Transistor
Médio , Objetos , Resma ,5, Papel , Pacote , Folha
Difícil , Objetos , Ressaltador ,11, Marcador , Caneta , Giz
Médio , Objetos , Retentor ,8, Vedação , Anel , Borracha
Difícil , Objetos , Retífica ,8, Politriz , Lixadeira , Torno
Difícil , Objetos , Retificador ,11, Transformador , Inversor , Conversor
Médio , Objetos , ripas ,5, tábua , madeira , vara
Fácil , Objetos , roda ,4, pneu , aro , círculo
Fácil , Objetos , Rodo ,4, Vassoura , Esfregão , Pano
Médio , Objetos , Roldana ,7, Polia , Eixo , Engrenagem
Médio , Objetos , roleta ,6, roda , disco , giro
Médio , Objetos , rolha ,5, tampão , vedação , cortiça
Difícil , Objetos , Rosácea ,7, Ornamento , Escultura , Relevo
Médio , Objetos , Roseta ,6, Ornamento , Enfeite , Moldura
Fácil , Objetos , Sabonete ,8, Shampoo , Condicionador , Espuma
Fácil , Objetos , saco ,4, bolsa , saco , mala
Fácil , Objetos , Sacola ,6, Bolsa , Mala , Mochila
Fácil , Objetos , Sapato ,6, Tênis , Tamanco , Bota
Difícil , Objetos , Sarrilho ,8, Guincho , Roldana , Engrenagem
Difícil , Objetos , Seladora ,8, Lacradora , Empacotadora , Prensa
Muito difícil , Objetos , Selímetro ,8, Medidor , Escala , Régua
Fácil , Objetos , Selo ,4, Etiqueta , Adesivo , Carimbo
Difícil , Objetos , sericímetro ,10, medição , fio , instrumento
Médio , Objetos , Seringa ,7, Agulha , Ampola , Tubo
Médio , Objetos , Serpentina ,10, Fita , Enfeite , Papel
Difícil , Objetos , Serrilhador ,11, Cortador , Serra , Lixador
Médio , Objetos , Serrote ,7, Serra , Machado , Lâmina
Muito difícil , Objetos , Sifão ,5, Tubo , Válvula , Duto
Fácil , Objetos , Sino ,4, Campana , Gongo , Alarme
Muito difícil , Objetos , Sismógrafo ,11, Acelerômetro , Sensor , Placa
Médio , Objetos , Sonda ,5, Agulha , Tubo , Cateter
Difícil , Objetos , Soprador ,8, Ventilador , Compressor , Fole
Médio , Objetos , Suporte ,7, Tripé , Base , Cavalete
Fácil , Objetos , tábua ,5, madeira , prancha , corte
Fácil , Objetos , Tabuleiro ,9, Mesa , Bandeja , Prancha
Médio , Objetos , tacho ,5, panela , pote , metal
Fácil , Objetos , taco ,4, bastão , vara , apoio
Difícil , Objetos , Tafetá ,6, Tecido , Seda , Lona
Médio , Objetos , talão ,5, papel , bloco , ficha
Fácil , Objetos , talha ,5, escultura , entalhe , corte
Médio , Objetos , Talher ,6, Faca , Garfo , Colher
Médio , Objetos , talho ,5, corte , lasca , madeira
Médio , Objetos , talude ,6, rampa , parede , inclinação
Médio , Objetos , tambor ,6, pele , música , som
Médio , Objetos , Tamborim ,8, Pandeiro , Agogô , Surdo
Fácil , Objetos , tampa ,5, vedação , rolha , cobertura
Médio , Objetos , Tampão ,6, Lacre , Vedação , Tampa
Médio , Objetos , Tampinha ,8, Rolha , Tampa , Lacre
Médio , Objetos , Tanque ,6, Reservatório , Caixa , Recipiente
Fácil , Objetos , Tapete ,6, Manta , Carpete , Esteira
Muito difícil , Objetos , Taquígrafo ,10, Estenógrafo , Registrador , Escriba
Difícil , Objetos , Taquímetro ,9, Marcador , Tacômetro , Odômetro
Difícil , Objetos , Tarraxa ,7, Cossinete , Parafuso , Porca
Fácil , Objetos , Tatuagem ,8, Desenho , Marca , Selo
Difícil , Objetos , taxímetro ,9, contador , relógio , medidor
Fácil , Objetos , Teclado ,7, Mouse , Monitor , Impressora
Médio , Objetos , teia ,4, fio , linha , rede
Difícil , Objetos , teleférico ,10, cabo , cabine , transporte
Fácil , Objetos , Telefone ,8, Celular , Rádio , Interfone
Médio , Objetos , Telemetria ,11, Sensor , Medidor , Rastreador
Muito difícil , Objetos , Tensiômetro ,11, Medidor , Sensor , Manômetro
Muito difícil , Objetos , Teodolito ,9, Nível , Régua , Laser
Muito difícil , Objetos , Termoanemômetro ,15, Sensor , Anemômetro , Medidor
Muito difícil , Objetos , Termocalibrador ,15, Regulador , Medidor , Sensor
Muito difícil , Objetos , Termociclador ,13, Incubadora , Estufa , Processador
Muito difícil , Objetos , Termogravador ,14, Registrador , Sensor , Medidor
Muito difícil , Objetos , Termômetro ,10, Barômetro , Higrômetro , Medidor
Muito difícil , Objetos , Termopar ,8, Termômetro , Sensor , Detector
Muito difícil , Objetos , Termorresistor ,13, Sensor , Termômetro , Medidor
Difícil , Objetos , Termostato ,10, Regulador , Medidor , Sensor
Médio , Objetos , Tesoura ,7, Estilete , Cortador , Faca
Fácil , Objetos , Tijolo ,6, Pedra , Bloco , Concreto
Médio , Objetos , Timbre ,6, Sino , Gongo , Campainha
Difícil , Objetos , Tímpano ,7, Membrana , Placa , Disco
Médio , Objetos , Tinta ,5, Pincel , Giz , Spray
Fácil , Objetos , Toalha ,6, Pano , Tecido , Lençol
Fácil , Objetos , Tocha ,5, Lanterna , Luz , Abajur
Médio , Objetos , Toldo ,5, Cobertura , Lona , Sombrite
Médio , Objetos , Tonel ,5, Barril , Tacho , Galão
Fácil , Objetos , Torneira ,8, Registro , Chuveiro , Válvula
Médio , Objetos , Torno ,5, Morsa , Grampo , Mandril
Médio , Objetos , torquês ,7, ferramenta , alicate , tenaz
Muito difícil , Objetos , Torquímetro ,11, Chave , Catraca , Ferramenta
Médio , Objetos , Torradeira ,10, Forno , Chapa , Sanduicheira
Muito difícil , Objetos , Torrefador ,10, Forno , Estufa , Aquecedor
Difícil , Objetos , Torsor ,6, Eixo , Haste , Braço
Muito difícil , Objetos , Transceptor ,11, Rádio , Antena , Modem
Difícil , Objetos , transcoder ,10, sinal , dado , filtro
Médio , Objetos , Transformador ,13, Conversor , Inversor , Regulador
Fácil , Objetos , trapo ,5, pano , tecido , flanela
Fácil , Objetos , Traves ,6, Poste , Barra , Rede
Fácil , Objetos , travessa ,8, prato , bandeja , recipiente
Difícil , Objetos , Travesseiro ,11, Almofada , Colchão , Cobertor
Médio , Objetos , Trena ,5, Régua , Nível , Medidor
Médio , Objetos , Triângulo ,9, Tamborim , Agogô , Pandeiro
Médio , Objetos , Tridente ,8, Lança , Espada , Machado
Fácil , Objetos , Trinco ,6, Fecho , Cadeado , Tranca
Médio , Objetos , Tripé ,5, Suporte , Base , Cavalete
Difícil , Objetos , Trípode ,7, Tripé , Suporte , Pedestal
Médio , Objetos , trompa ,6, metal , som , trompete
Médio , Objetos , Tubulação ,9, Cano , Duto , Conduto
Muito difícil , Objetos , Tubuladura ,9, Tubulação , Duto , Cano
Muito difícil , Objetos , Turbidímetro ,12, Sensor , Refratômetro , Medidor
Difícil , Objetos , Turíbulo ,8, Incensário , Recipiente , Cálice
Médio , Objetos , Válvula ,7, Registro , Torneira , Trava
Fácil , Objetos , vara ,4, haste , mastro , bastão
Fácil , Objetos , Varal ,5, Corda , Haste , Suporte
Muito difícil , Objetos , Vasculho ,8, Vassoura , Rodo , Pano
Fácil , Objetos , Vaso ,4, Jarro , Garrafa , Copo
Fácil , Objetos , Vassoura ,8, Rodo , Esfregão , Aspirador
Médio , Objetos , Vedação ,7, Retentor , Anel , Borracha
Fácil , Objetos , Vela ,4, Tocha , Lâmpada , Fósforo
Médio , Objetos , Ventilador ,10, Abanador , Ar-condicionado, Exaustor
Médio , Objetos , Verniz ,6, Tinta , Selante , Resina
Difícil , Objetos , Vibrador ,8, Compactador , Batedor , Compulsor
Fácil , Objetos , Vidro ,5, Cristal , Acrílico , Plástico
Fácil , Objetos , Violino ,7, Guitarra , Viola , Banjo
Muito difícil , Objetos , Viscosímetro ,12, Reômetro , Medidor , Analisador
Difícil , Objetos , Vitrais ,7, Janela , Vidro , Painel
Médio , Objetos , volante ,7, roda , direção , guidão
Difícil , Objetos , xilógrafo ,9, madeira , entalhe , gravação
Médio , Objetos , Zíper ,4, Botão , Fecho , Presilha
Fácil,Verbos,abraçar,7,apertar,encostar,envolver
Fácil,Verbos,abrir,4,destrancar,escancarar,iniciar
Fácil,Verbos,aceitar,7,aprovar,receber,consentir
Fácil,Verbos,acelerar,8,apressar,adiantar,agilizar
Fácil,Verbos,acender,7,iluminar,prender,ligar
Médio,Verbos,adaptar,7,ajustar,alterar,modificar
Fácil,Verbos,afastar,7,desprender,retirar,soltar
Fácil,Verbos,agarrar,7,pegar,segurar,tomar
Fácil,Verbos,ajudar,6,auxiliar,suportar,assistir
Fácil,Verbos,ajustar,6,adaptar,modificar,alterar
Fácil,Verbos,alcançar,9,atingir,conseguir,chegar
Médio,Verbos,analisar,8,examinar,avaliar,investigar
Difícil,Verbos,analizar,8,examinar,avaliar,investigar
Fácil,Verbos,andar,5,caminhar,passear,marchar
Fácil,Verbos,anotar,6,registrar,documentar,escrever
Fácil,Verbos,apagar,6,extinguir,desligar,remover
Fácil,Verbos,apoiar,6,suportar,auxiliar,respaldar
Fácil,Verbos,aprender,7,estudar,memorizar,praticar
Fácil,Verbos,apresentar,10,mostrar,expor,demonstrar
Médio,Verbos,aprofundar,10,analisar,detalhar,examinar
Fácil,Verbos,aprovar,7,validar,aceitar,confirmar
Difícil,Verbos,argumentar,9,defender,justificar,sustentar
Difícil,Verbos,articular,9,conectar,relacionar,integrar
Fácil,Verbos,assinar,6,firmar,ratificar,confirmar
Médio,Verbos,atacar,6,agredir,investir,avançar
Fácil,Verbos,atingir,7,alcançar,chegar,conseguir
Médio,Verbos,aumentar,8,ampliar,crescer,elevar
Fácil,Verbos,avaliar,7,analisar,verificar,examinar
Fácil,Verbos,beber,5,ingerir,tomar,sorver
Fácil,Verbos,beijar,6,abraçar,tocar,acariciar
Fácil,Verbos,brincar,7,jogar,divertir,interagir
Fácil,Verbos,buscar,6,procurar,investigar,explorar
Fácil,Verbos,calcular,8,somar,contar,medir
Fácil,Verbos,caminhar,8,andar,passear,percorrer
Fácil,Verbos,cantar,6,entonar,solfejar,entonar
Fácil,Verbos,celebrar,8,comemorar,festar,parabenizar
Fácil,Verbos,checar,6,verificar,confirmar,validar
Fácil,Verbos,chegar,6,atingir,acessar,alcançar
Fácil,Verbos,chorar,6,lamentar,soluçar,prantear
Fácil,Verbos,clicar,6,pressionar,tocar,acionar
Fácil,Verbos,coletar,7,reunir,agrupar,arrecadar
Fácil,Verbos,comemorar,9,celebrar,festejar,parabenizar
Fácil,Verbos,comer,5,mastigar,ingerir,provar
Médio,Verbos,comparar,8,avaliar,contrastar,medir
Muito difícil,Verbos,complexificar,13,aprofundar,ampliar,densificar
Fácil,Verbos,comprar,7,adquirir,obter,conseguir
Difícil,Verbos,conceituar,9,definir,explicar,enquadrar
Médio,Verbos,conectar,8,ligar,associar,integrar
Fácil,Verbos,conferir,8,verificar,examinar,checar
Fácil,Verbos,confirmar,9,validar,aprovar,checar
Médio,Verbos,construir,9,montar,erguer,fabricar
Fácil,Verbos,consultar,8,revisar,verificar,pesquisar
Difícil,Verbos,contextualizar,14,situar,relacionar,enquadrar
Fácil,Verbos,continuar,10,prosseguir,manter,perseverar
Médio,Verbos,coordenar,9,organizar,alinhar,liderar
Médio,Verbos,coordernar,9,organizar,alinhar,liderar
Fácil,Verbos,correr,6,sprintar,fugir,acelerar
Fácil,Verbos,cortar,6,aparar,dividir,recortar
Fácil,Verbos,cozinhar,8,assar,fritar,ferver
Fácil,Verbos,crescer,7,aumentar,expandir,desenvolver
Médio,Verbos,criar,5,inventar,produzir,conceber
Fácil,Verbos,dançar,6,bailar,rodopiar,mexer
Fácil,Verbos,dar,3,oferecer,entregar,ceder
Médio,Verbos,decidir,7,escolher,optar,resolver
Fácil,Verbos,decorar,7,memorizar,aprender,gravar
Fácil,Verbos,descansar,9,repousar,relaxar,dormir
Difícil,Verbos,descender,8,baixar,cair,diminuir
Fácil,Verbos,descer,6,baixar,diminuir,reduzir
Muito difícil,Verbos,descontextualizar,17,isolar,retirar,abstrair
Fácil,Verbos,desejar,7,querer,almejar,sonhar
Fácil,Verbos,desenhar,8,pintar,esboçar,rabiscar
Muito difícil,Verbos,desenvolver,10,criar,construir,elaborar
Muito difícil,Verbos,despersonalizar,16,abstrair,neutralizar,afastar
Fácil,Verbos,desprender,9,soltar,liberar,afastar
Médio,Verbos,destruir,8,demolir,arruinar,quebrar
Fácil,Verbos,digerir,7,processar,assimilar,absorver
Médio,Verbos,diminuir,8,reduzir,cortar,encolher
Fácil,Verbos,dirigir,7,conduzir,guiar,controlar
Fácil,Verbos,dividir,7,separar,partir,distribuir
Fácil,Verbos,doar,4,oferecer,entregar,ceder
Fácil,Verbos,documentar,10,registrar,anotar,arquivar
Fácil,Verbos,dormir,6,repousar,cochilar,descansar
Fácil,Verbos,editar,6,modificar,alterar,ajustar
Difícil,Verbos,elaborar,8,desenvolver,criar,estruturar
Fácil,Verbos,ensinar,7,instruir,orientar,explicar
Fácil,Verbos,enviar,6,mandar,remeter,expedir
Muito difícil,Verbos,epistemologizar,16,fundamentar,teorizar,refletir
Fácil,Verbos,escalar,7,subir,ascender,alcançar
Médio,Verbos,escolher,8,optar,selecionar,decidir
Fácil,Verbos,esconder,8,ocultar,camuflar,guardar
Fácil,Verbos,escrever,8,redigir,anotar,registrar
Fácil,Verbos,escutar,8,ouvir,atentar,prestar
Fácil,Verbos,esperar,7,aguardar,permanecer,ficar
Médio,Verbos,estruturar,10,organizar,planejar,construir
Fácil,Verbos,estudar,7,aprender,revisar,praticar
Fácil,Verbos,examinar,8,analisar,inspecionar,investigar
Médio,Verbos,explicar,8,detalhar,esclarecer,ensinar
Fácil,Verbos,extrair,7,retirar,remover,obter
Fácil,Verbos,fabricar,8,criar,produzir,construir
Fácil,Verbos,falar,5,dizer,contar,explicar
Fácil,Verbos,fechar,6,trancar,encerrar,vedar
Fácil,Verbos,festejar,8,celebrar,comemorar,parabenizar
Fácil,Verbos,ficar,5,permanecer,estar,continuar
Fácil,Verbos,film ar,5,gravar,registrar,documentar
Fácil,Verbos,fotografar,11,registrar,imortalizar,capturar
Fácil,Verbos,frear,5,parar,detener,diminuir
Fácil,Verbos,ganhar,6,obter,receber,conseguir
Médio,Verbos,gerenciar,9,administrar,coordenar,supervisionar
Fácil,Verbos,girar,5,rodar,voltar,tornear
Fácil,Verbos,gravar,6,registrar,filmar,registrar
Fácil,Verbos,gritar,6,chamar,alertar,denunciar
Fácil,Verbos,guardar,7,proteger,conservar,manter
Fácil,Verbos,haver,5,existir,ocorrer,acontecer
Muito difícil,Verbos,hierarquizar,12,ordenar,priorizar,classificar
Médio,Verbos,imaginar,8,criar,supor,fantasiar
Muito difícil,Verbos,implementer,11,aplicar,executar,operacionalizar
Fácil,Verbos,iniciar,7,começar,abrir,lançar
Fácil,Verbos,insistir,8,persistir,perseverar,manter
Fácil,Verbos,inspecionar,10,examinar,verificar,observar
Muito difícil,Verbos,institucionalizar,18,formalizar,estabelecer,consolidar
Muito difícil,Verbos,instrumentalizar,17,equipar,capacitar,adaptar
Fácil,Verbos,interagir,9,participar,comunicar,conectar
Difícil,Verbos,interpretar,10,compreender,traduzir,analisar
Difícil,Verbos,interrelacionar,15,conectar,associar,integrar
Muito difícil,Verbos,interseccionar,14,cruzar,relacionar,integrar
Fácil,Verbos,investigar,10,pesquisar,examinar,procurar
Fácil,Verbos,jogar,5,brincar,competir,disputar
Fácil,Verbos,juntar,6,unir,agrupar,combinar
Fácil,Verbos,lavar,5,limpar,esfregar,enxaguar
Difícil,Verbos,legitimar,9,validar,confirmar,autorizar
Fácil,Verbos,ler,3,folhear,consultar,examinar
Fácil,Verbos,levantar,8,erguer,subir,alçar
Fácil,Verbos,liberar,7,soltar,permitir,desprender
Médio,Verbos,liderar,7,comandar,orientar,guiar
Fácil,Verbos,lutar,5,batalhar,combater,defender
Fácil,Verbos,marchar,7,andar,deslocar,perambular
Médio,Verbos,mediar,6,interceder,negociar,conciliar
Fácil,Verbos,medir,5,avaliar,determinar,checar
Médio,Verbos,melhorar,8,aprimorar,evoluir,ajustar
Fácil,Verbos,memorizar,9,decorar,gravar,lembrar
Fácil,Verbos,mergulhar,9,nadar,submergir,imergir
Fácil,Verbos,mexer,5,movimentar,agitar,remexer
Fácil,Verbos,misturar,8,combinar,unir,agitar
Médio,Verbos,modificar,9,alterar,mudar,transformar
Médio,Verbos,modular,7,ajustar,adaptar,alterar
Fácil,Verbos,montar,6,construir,fabricar,erguer
Fácil,Verbos,mover,5,deslocar,transportar,agitar
Fácil,Verbos,nadar,5,mergulhar,flutuar,borrar
Fácil,Verbos,navegar,8,remar,dirigir,guiar
Muito difícil,Verbos,normatizar,10,padronizar,regulamentar,regular
Fácil,Verbos,notar,5,perceber,observar,identificar
Médio,Verbos,observar,8,analisar,vigiar,examinar
Fácil,Verbos,oferecer,8,doar,entregar,apresentar
Fácil,Verbos,olhar,5,enxergar,ver,observar
Muito difícil,Verbos,operacionalizar,16,executar,aplicar,implementar
Fácil,Verbos,organizar,9,ordenar,planejar,estruturar
Médio,Verbos,otimizar,8,melhorar,ajustar,refinar
Fácil,Verbos,ouvir,5,escutar,perceber,notar
Fácil,Verbos,palpar,6,tocar,sentir,apreender
Muito difícil,Verbos,parametrizar,12,ajustar,configurar,regular
Fácil,Verbos,parar,5,frenar,detener,interromper
Fácil,Verbos,passar,6,transitar,atravessar,mover
Fácil,Verbos,patrulhar,10,vigiar,monitorar,observar
Fácil,Verbos,pegar,5,segurar,agarrar,tomar
Fácil,Verbos,pensar,6,refletir,meditar,considerar
Fácil,Verbos,perceber,8,notar,observar,sentir
Fácil,Verbos,pesquisar,9,investigar,consultar,explorar
Fácil,Verbos,pintar,6,desenhar,ilustrar,repintar
Fácil,Verbos,planear,7,organizar,programar,planejar
Fácil,Verbos,planejar,8,programar,estruturar,organizar
Muito difícil,Verbos,potencializar,13,ampliar,fortalecer,impulsionar
Médio,Verbos,priorizar,9,escolher,hierarquizar,focar
Difícil,Verbos,problematizar,13,questionar,analisar,discutir
Fácil,Verbos,procurar,8,buscar,rastrear,investigar
Fácil,Verbos,produzir,8,criar,fabricar,gerar
Médio,Verbos,projetar,8,desenhar,idealizar,construir
Fácil,Verbos,promover,8,divulgar,impulsionar,estimular
Médio,Verbos,proteger,8,defender,guardar,preservar
Fácil,Verbos,provocar,9,desafiar,estimular,incitar
Fácil,Verbos,publicar,8,divulgar,lançar,anunciar
Fácil,Verbos,pular,5,saltar,quicar,erguer
Fácil,Verbos,quebrar,7,partir,danificar,romper
Difícil,Verbos,questionar,9,indagar,perguntar,desafiar
Muito difícil,Verbos,racionalizar,12,sistematizar,organizar,calcular
Fácil,Verbos,receber,7,aceitar,ganhar,obter
Fácil,Verbos,redigir,7,escrever,registrar,produzir
Muito difícil,Verbos,reestruturar,12,organizar,alterar,modificar
Fácil,Verbos,registrar,9,gravar,documentar,anotar
Difícil,Verbos,regulamentar,12,normatizar,controlar,padronizar
Muito difícil,Verbos,reinventar,10,modificar,transformar,adaptar
Fácil,Verbos,remover,6,extrair,retirar,afastar
Fácil,Verbos,reparar,7,consertar,restaurar,ajustar
Médio,Verbos,resolver,8,solucionar,decidir,concluir
Fácil,Verbos,respaldar,9,apoiar,suportar,auxiliar
Fácil,Verbos,respirar,8,inspirar,expirar,oxigenar
Fácil,Verbos,responder,9,replicar,contestar,reativar
Muito difícil,Verbos,ressignificar,13,reinterpretar,redefinir,transformar
Fácil,Verbos,retirar,7,afastar,remover,extrair
Muito difícil,Verbos,retroalimentar,14,reforçar,revisar,ajustar
Fácil,Verbos,reunir,6,juntar,agrupar,coletar
Fácil,Verbos,revisar,7,estudar,verificar,consultar
Fácil,Verbos,rir,3,sorrir,gargalhar,divertir
Fácil,Verbos,rodar,5,girar,voltar,tornear
Fácil,Verbos,romper,6,quebrar,destruir,partir
Fácil,Verbos,saltar,6,pular,quicar,erguer
Médio,Verbos,seguir,5,acompanhar,obedecer,continuar
Fácil,Verbos,sentar,6,pousar,acomodar,repousar
Fácil,Verbos,sentir,6,perceber,experimentar,notar
Difícil,Verbos,sintetizar,10,resumir,condensar,unificar
Difícil,Verbos,sistematizar,12,organizar,estruturar,ordenar
Fácil,Verbos,soltar,6,liberar,desprender,afastar
Fácil,Verbos,sorrir,6,rir,gargalhar,satisfeitar
Fácil,Verbos,subir,5,ascender,elevar,erguer
Fácil,Verbos,suportar,8,aguentar,manter,ajudar
Fácil,Verbos,surgir,6,aparecer,manifestar,despontar
Fácil,Verbos,sussurrar,9,cochichar,murmurar,falar
Fácil,Verbos,telefonar,9,ligar,comunicar,chamar
Fácil,Verbos,tocar,5,apertar,pressionar,acariciar
Fácil,Verbos,tomar,5,pegar,adquirir,receber
Fácil,Verbos,trabalhar,9,atuar,laborar,produzir
Muito difícil,Verbos,transdisciplinar,16,integrar,conectar,cruzar
Médio,Verbos,transformar,11,modificar,alterar,adaptar
Fácil,Verbos,transportar,12,mover,levar,deslocar
Muito difícil,Verbos,transversalizar,15,integrar,cruzar,conectar
Muito difícil,Verbos,universalizar,13,generalizar,expandir,difundir
Fácil,Verbos,validar,7,aprovar,confirmar,checar
Fácil,Verbos,vencer,6,ganhar,superar,conquistar
Fácil,Verbos,ver,3,olhar,enxergar,observar
Fácil,Verbos,verificar,9,checar,examinar,confirmar
Fácil,Verbos,viajar,6,percorrer,deslocar,explorar
Fácil,Verbos,vigiar,6,observar,monitorar,controlar
Fácil,Verbos,voar,4,planar,pousar,alçar
